Metric,Value
success@1,0.34615384615384615
success@3,0.8461538461538461
recall@10,0.9358974358974359
recall@20,0.9743589743589743
MRR,0.6017083677229567
NDCG@3,0.6515472034340782
NDCG@10,0.6835807850834598
count_999,0.0
total,78.0
